Questions,Answers
Why does the report say I'm sad?,The following posts that you liked indicated that you might have been sad:
Why does the report say I'm suicidal?,The following posts that you liked indicated that you might have been suicidal:
Why does the report indicate that I'm sad?,The following posts that you liked indicated that you might have been sad:
Why does the report indicate that I'm suicidal?,The following posts that you liked indicated that you might have been suicidal:
Why does the report say I'm lonely?,The following posts that you liked indicated that you might have been lonely:
Why does the report indicate that I'm lonely?,The following posts that you liked indicated that you might have been lonely:
Why does the report say I'm depressed?,The following posts that you liked indicated that you might have been depressed:
Why does the report indicate that I'm depressed?,The following posts that you liked indicated that you might have been depressed:
Why does the report say I'm anxious?,The following posts that you liked indicated that you might have been anxious:
Why does the report indicate that I'm anxious?,The following posts that you liked indicated that you might have been anxious:
Why does the report say I'm stressed?,The following posts that you liked indicated that you might have been stressed:
Why does the report indicate that I'm stressed?,The following posts that you liked indicated that you might have been stressed:
What makes you think I'm sad?,The following posts that you liked indicated that you might have been sad:
What makes you think I'm depressed?,The following posts that you liked indicated that you might have been depressed:
What makes you think I'm stressed?,The following posts that you liked indicated that you might have been stressed:
What makes you think I'm anxious?,The following posts that you liked indicated that you might have been anxious:
What makes you think I'm lonely?,The following posts that you liked indicated that you might have been lonely:
What makes you think I'm suicidal?,The following posts that you liked indicated that you might have been suicidal:
Are you sure I'm sad?,We're not sure of your state of mind but he following posts that you liked indicated that you might have been sad:
Are you sure I'm depressed?,We're not sure of your state of mind but he following posts that you liked indicated that you might have been depressed:
Are you sure I'm lonely?,We're not sure of your state of mind but he following posts that you liked indicated that you might have been lonely:
Are you sure I'm anxious?,We're not sure of your state of mind but he following posts that you liked indicated that you might have been anxious:
Are you sure I'm stressed?,We're not sure of your state of mind but he following posts that you liked indicated that you might have been stressed:
Are you sure I'm suicidal?,We're not sure of your state of mind but he following posts that you liked indicated that you might have been suicidal:
How often is this report generated?,The report is generated every 2 weeks!
How credible is this report?,The model we built had an accuray of about 80% so we're mostly sure!
When will my next report be ready?,Your next report will be ready in 2 weeks.
How certain are you that I'm sad?,We are not 100% certain of anything and do not mean to diagnose you. We are simply here to help you out and we noticed that the following tweets by you might have indicated that you were sad.
How certain are you that I'm lonely?,We are not 100% certain of anything and do not mean to diagnose you. We are simply here to help you out and we noticed that the following tweets by you might have indicated that you were lonely.
How certain are you that I'm stressed?,We are not 100% certain of anything and do not mean to diagnose you. We are simply here to help you out and we noticed that the following tweets by you might have indicated that you were stressed.
How certain are you that I'm anxious?,We are not 100% certain of anything and do not mean to diagnose you. We are simply here to help you out and we noticed that the following tweets by you might have indicated that you were anxious.
How certain are you that I'm normal?,We are not 100% certain of anything and do not mean to diagnose you. We are simply here to help you out and we noticed that the following tweets by you might have indicated that you were normal.
How certain are you that I'm normal?,We are not 100% certain of anything and do not mean to diagnose you. We are simply here to help you out and we noticed that the following tweets by you might have indicated that you were suicidal.
Why does the report have a blue wedge?,Blue indicates that you might be a little stressed. Time to take a break! The tweets given below indicate that you might have been feeling blue: 
Why does the report have a red wedge?,Red indicates that you might be feeling suicidal. It might help to talk to someone or seek medical help. The tweets given below indicate that you might have been feeling suicidal: 
Why does the report have a gray wedge?,The gray portion indicates that you might be feeling lonely. The tweets given below indicate the same: 
Why does the report have a yellow wedge? The tweets given below indicate that you might have been feeling : ,Yellow indicates normal online activity! The tweets given below indicate normal online activity: 
Why does the report have a green wedge?,Green indicates that you might be feeling a little anxious. The tweets given below indicate that you might have been feeling anxious: 