,Text,labels
0,@CLASHBooks @Eve6 um OF COURSE,0
1,"me, after 1 hour of socializing with friends: ok fine I’m an extrovert",0
2,"rendezvous then I’m through with you, amirite",0
3,"being a 90’s teen wasn’t always easy, but nothing hit like being fingered for the first time in the back of your mom’s station wagon to @Eve6’s heart in a blender song",1
4,"a jogger, being chased: *ecstatically* i’ve been training my whole life for this",0
5,@annadrezen NO!!!!!  you are blessed,0
6,"if there’s one thing parents are gonna do, it’s answer a text with a phone call",0
7,*FORMERLY. although I can see how formally could work too lol,3
8,"trust me, no formally pregnant person wants to hear “wow you’ve really slimmed down,” even if u think you’re giving a compliment",0
9,happy two year anniversary to the morning I pulled my daughter from childcare and thought “this will just be for a couple weeks”,0
10,RT @showmetheyamz: imagine receiving this text https://t.co/zyZzekkXiC,4
11,@therealkingwack @showmetheyamz My thoughts exactly!!!,0
12,RT @Dobrenkz: feeling more helpless by the day w everything in ukraine...realizing that helping in some small way is better than doing noth…,3
13,daylight savings is state-sanctioned violence,0
14,"i am a strong, powerful, CONFIDENT woman (deleted a tweet w 200k likes)",0
15,so I just had a viral tweet up that was almost exactly the same joke @emily_murnane tweeted months ago!!! obvs I had never seen her joke but it still sucks when that happens and clearly should have gone viral the first time. follow her!!! 💜💜💜 https://t.co/HHMlngT7dp,0
16,@jennycavallero Truth,0
17,@lauraleighabby Barely!!,0
18,just know I have theoretically replied to every single one of you 🥰 https://t.co/yekJemp3jL,0
19,“sorry I responded to this in my head” is a real thing and we should say it,0
20,@DanWilsonMusic This song will always be an incredible bop. Perfect when I was 17 and perfect now,0
21,you know what? today is a great day to support @shapiroart’s top surgery!!!!!!! https://t.co/IPMAwtTiB9,0
22,@MILFWEEED Huge win ♥️♥️♥️♥️♥️♥️♥️♥️♥️,0
23,@therealkuhoo Omg you’re right. I can’t believe I added an extra dun,0
24,i love a good mint chocolate chip milkshake but I swear this one tasted like chemicals and sadness,0
25,I finally got a shamrock shake for the first time since I was 17 and YALL!!!they are only good if you are 17 and extremely high,0
26,"I want new clothes but can’t bring myself to buy them, because at some point I became too aware that new clothes won’t actually make me feel better. this is bullshit",0
27,@MILFWEEED Happy bday sweet girl!,0
28,I told my therapist about the time I took mushrooms and decided film school was a waste because films are “just a box filled with other people’s realities.” they asked if it was helpful to process and I was like “not really but it’s nice to just let myself tell a dumb story”,1
29,"@JimGaffigan Sure I’ll take one,  if in exchange you hire me to write something. Seems like a fair trade. (this offer is legally binding)",0
30,“let go and let god” ok but can I hear god’s plan first or,0
31,“this too shall pass” ok but could it pass a little more quickly,3
32,RT @NILES100: https://t.co/rbaqT1bR17 https://t.co/6VvztMC5qA,4
33,RT @AnnamLaughs: Behind every great woman is her fat ass,0
34,@BnG82 REAL TALK,0
35,"Oh my GOD I am not shaming anyone for actually having five kids! if you have 5+ kids and you take good care of all of them, that’s great. I wrote this because I have a mere two and I’m tired. So tired. So fucking tired. GOODNIGHT",1
36,i need to admit something im ashamed of. first thing I’m doing when my kids get vaccinated is KARAOKE. unfollow if u must,3
37,"@theeashleyray please dm me EVERY ani difranco joke I will ALWAYS laugh. sincerely, mr.difranco (to you)",0
38,It’s actually so easy to fold a fitted sheet. you just roll it into a ball,0
39,@literElly done 💜,0
40,I have two kids and they’re wonderful but the other day my husband asked me when I thought we’d stop being so tired and I was like “hmm idk. maybe in like ten years?” 💀,1
41,a true nightmare. I cannot even process this. https://t.co/yq7Z6F3YKf,0
42,can’t believe people are out here *intentionally* having five kids. like you know u have to take care of them all right,0
43,@laurenthehough this is incredible,0
44,@pulisci I’m only happy when it’s complicaaaaated,0
45,"@KatKf1942 I see it. thanks for sharing this link, just shared",0
46,"RT @StepUp4Trans: The situation for trans rights in the US is critical right now. If you are an ally looking for ways to help, please consi…",0
47,@Eve6 Iconic,0
48,@KatKf1942 i care deeply about all the fucked anti-trans legislation happening. it literally keeps me up at night. making this joke about don’t say gay simply…doesn’t mean that this one anti-gay bill is the only seriously disturbing injustice I care about,1
49,Disney: we support gays but not as much as we love money :) hope that’s clear :),3
50,fuck should I move to LA,0
51,"not to be dramatic but I feel 8,000 times better when it’s nice outside",0
52,"when queer people want to make babies, they shouldn’t have to navigate the crushing infertility industrial complex. they should simply need to produce a cow as white as milk a cape as red as blood a hair as yellow as corn a slipper as pure as gold",0
53,"my March horoscope said this is going to be a spectacular career month so if anybody wants to hire me to write tv, trust your gut! that’s what the sun moon and planets want too baby",0
54,RT @Dobrenkz: Last week I wrote about my homeland of Ukraine being invaded. A lot of ppl asked me to get it published in a big boy paper.…,0
55,@leezypeasy @girlscouts Love to you and Juju ❤️❤️❤️,0
56,"in college when I got drunk, I would fall asleep spooning a full-size bag of Ruffles and my best friend would stay up all night writing angry letters to the editor of our college newspaper and tbh this is the kind of friendship we all deserve",4
57,@HeavenlyGrandpa CASSIDY,0
58,@rishipuff HAHHAHAHAHAHHA,0
59,today i learned I can get my kid to do ANYTHING she doesn’t wanna do if I make it a race. brushing her teeth? a race. putting on jammies? a race. putting away my laundry while I lay on the bed like a queen pointing at appropriate drawers? A MOTHER FUCKING RACE,3
60,@nikitadumptruck 🥺🥺🥺🥺🥺,0
61,"hi! If anyone here is actually looking for Girl Scout cookies, my friend @leezypeasy’s daughter Julia is selling them and if she makes her goal she gets to live it up on a chicago river cruise! It’s cookie time, wilderness girls! https://t.co/PoB67QrQ9U",0
62,@ShannonJCurtin Don’t feel bad! I am obsessive and spend WAY too much time on here lol,0
63,and please follow some favorite funny people too 💝 @showmetheyamz @HeavenlyGrandpa @NILES100 @elliotwith1t @jennycavallero @ElaniKitten @danielleweisber @moytweetsworld @Dobrenkz @PallaviGunalan @DylanAdler6 @AnnamLaughs @Jest_Iris @roastmalone_ @kosherhotdogz @ArielleDundas,0
64,"whaaat thank you so much for 100k!!! i joined twitter in Feb 2020 and even though this place can be the worst, writing my silly jokes on here while largely stuck at home with two unvaccinated kids helped me get through. really, thanks for following me ♥️",0
65,@rosebudbaker painfully relatable,0
66,painted our apartment and just realized it’s an homage to Eleanor’s torture house in The Good Place???? https://t.co/0UiWW6zGFQ,0
67,@ktbresnahan Hahahahaha,0
68,"in the dream I was like “I’ll have a box of each, except for those lemon abominations” and I stand by my subconscious 100%",0
69,@leezypeasy !!!!!! THANK YOU,0
70,@raearomano It’s really good,0
71,the gilded age is just gossip girl with more horses,0
72,@melsideponytail peak 90s teen boy behavior,0
73,I’ve been waiting for weeks for my Girl Scout cookies to arrive and just now realized I ORDERED THEM IN A DREAM. shaking crying throwing up etc,0
74,@farahlearned !!!!!!!! This is keeping me going this morning. THANK YOU,0
75,@heart_brecher Hahahaha EXACTLY,0
76,@AnnamLaughs It’s too much 😭😭😭😭😭😭,0
77,@ineedahandler pretty sure she doesn’t give a fuck,0
78,my three year old keeps saying her lips are “chopped” and when I start laughing she’s like “WHY WOULD YOU LAUGH AT MY CHOPPED LIPS”,0
79,good morning i’ve made a questionable decision https://t.co/wou08MVhEC,0
80,@singing_regret This is a subtweet at grandparents lol,0
81,"real talk the expectation of FaceTiming has made me even WORSE at keeping in touch. I never want to talk, but if I do, I wanna be free to lay on the floor and look like an absolute ghoul",0
82,I didn’t say it was a better personality :),0
83,"kidnappers                     God 
                             🤝
“nobody’s getting out of here alive!”",0
84,@juliannwilding true forgot about them,0
85,@PallaviGunalan @smithsara79 happy birthday you gorgeous person,0
86,"in these challenging times, it’s important to remember that although we’re divided by class, race, and political/ideological differences, we’re all united by one thing. we all love dinosaurs",3
87,"how come I give my baby 8,000 toys to play with and she zeroes in on a literal mouse trap",0
88,I’m not a “boy mom” or a “girl mom.” I’m a piece of shit,0
89,please respect my privacy in this challenging time,0
90,slept a full eight hours for the first time in two years and turns out I have a whole new personality?????????,0
91,@ginnyhogan_ congrats ginny you’re amazing!!!,0
92,"it’s 8:22am and still riding the high of yesterday, I just answered TWO emails. I am a golden god",0
93,@drchinstrap 🙄,0
94,@MaraWilson OMG. chills,0
95,i will spend all day answering one email then look in the mirror like you did it queen,0
96,"hear me out: a writer’s retreat for parents where you step into a magical vortex and only emerge when you have a final draft of something you’re really proud of, HOWEVER long it takes but for your kids like 30 seconds have passed",0
97,@evelyngfrick neighbors!!!!!,0
98,RT @sherrysworld: my friends when i can’t do basic math https://t.co/nvQKw3gKRc,4
99,@sherrysworld @Jest_Iris @ElaniKitten @showmetheyamz @itspushpush @HeavenlyGrandpa @NILES100 @Home_Halfway @theDapperilla @rissafrmoffline @moytweetsworld @Hellotherexu @smithsara79 @DylanAdler6 @jennycavallero @perlhack @AnnamLaughs @heart_brecher @chinesegon 💝💝💝💝💝💝,0
