tweet,labels
"At the point today where if someone says something remotely kind to me, a waterfall will burst out of my eyes",0
@CorningFootball  IT'S GAME DAY!!!!      T MINUS 14:30  #relentless,0
This game has pissed me off more than any other game this year. My blood is boiling! Time to turn it off! #STLCards,0
@spamvicious I've just found out it's Candice and not Candace. She can pout all she likes for me ðŸ˜,5
@moocowward @mrsajhargreaves @Melly77 @GaryBarlow if he can't come to my Mum'a 60th after 25k tweets then why should I ðŸ™ˆ  #soreloser,4
My 2 teens sons just left in the car to get haircuts. I'm praying up a storm that they make it home safely!!  #TerenceCrutcher,5
HartRamsey'sUPLIFT If you're still discouraged it means you're listening to the wrong voices &amp; looking to the wrong source.Look to the LORD!,0
@AmontanaW I nearly dropped my phone into the sink HAHAHAHA,5
"You must be knowing #blithe means (adj.)  Happy, cheerful.",0
Old saying 'A #smile shared is one gained for another day' @YEGlifer @Scott_McKeen,0
#Matthew 25; 1-13\nCould somebody shoot a #video about it?\nIt could be 1 of those #horror videos but in the same time turning many 2 #Christ,0
@bkero @whispersystems Which really sucks because typing on a mobile device is always horrible and I hate it.,5
Be #afraid of the #quiet ones they are the ones who actually #think.,5
