,Unnamed: 0,Text,labels
0,0,@reese_shapiro Yup,0
1,1,also a psa for 90s kids: there is an official Yellowjackets playlist on Spotify and it’s LIFE CHANGING,0
2,2,@Dobrenkz HELL YEA BABEEEEEEEEEEEY!!!!!!,0
3,3,“I’m a top” “I’m a bottom” i am the egg man. i am the walrus,3
4,4,@HeavenlyGrandpa this is violence,0
5,5,@StephBencin YES,0
6,6,i fear i’m one variant of concern away from writing poetry again,0
7,7,"honestly don’t know where I’d be right now without: Yellowjackets, station 11, search party, and sex lives of college girls. what else should I be watching?! About to done with all of these and I need a reason to go on",0
8,8,this year I’m doing why January. it’s where every day I stand in the street and scream “WHY GOD WHY!?!?!?”,0
9,9,"there’s a lot of bad right now, but at least the television is incredible",0
10,10,@Sench_ola Ahhh! Thanks for sharing,0
11,11,@KimberDin Yes!!!!!,0
12,12,@sheriadidthat STOP I literally cannot handle it,0
13,13,i swear to god if they try to run Hillary as the candidate again I WILL RIOT,0
14,14,@itspushpush !!!!!!!!!,3
15,15,@showmetheyamz @pillowfightpod Yea!,1
16,16,my guiding mantra is “what other people think of me is none of my business.”  do you think that’s cool,0
17,17,i am the absolute worst writer when trying to write an artist statement about how I’m a good writer,0
18,18,@carrienewlove I’m truly sorry you’re suffering in this way. I wish you all the best on your fertility journey- it sucks and it’s super hard.,0
19,19,"@carrienewlove I’m queer and used IUI, IVF, donated sperm etc so just a reminder too that you don’t always know what people’s journeys to motherhood have entailed, even if they seem easy from the outside. I can imagine having feelings from my content and if it’s helpful just block or mute me!",0
20,20,"@carrienewlove I also don’t think it’s helpful to say “just be grateful,” as though being fortunate in having kids means I lose the right to express the complexity of feelings the come with pregnancy and motherhood. I feel for you in your struggle and wish you the best.",0
21,21,"@carrienewlove I’m not body shaming mothers- I’m writing a joke based on my own post-partum experience and ambivalence around the ways pregnancy has changed my body. I actually have an EDO history also, and that is a part of the complexity! For me, it helps to joke about it.",3
22,22,@AntifaGeneral3 this is a joke. I’m really glad I have my kids lol,0
23,23,@Brittymigs 100% had this Annie shirt,0
24,24,"having kids made writing so much harder, but at least they’ve also fucked up my body",3
25,25,"honestly being shallow looks so relaxing. world crumbling around you but no stress, just Anthropologie catalogues and vibes",3
26,26,@_Jen_Silverman @NEAarts Yes you badass!!!! Congratulations 💝💝💝,1
27,27,"RT @myeshachou: Here is a thread of different Gofundme’s of families impacted by the Bronx fire. 

Remember that there were several structu…",0
28,28,@tkiramadden I desperately need to know what you were saying at that exact moment,3
29,29,I relate to Euphoria! i once got drunk before national honors society,3
30,30,"nobody: 

random men: https://t.co/mSbHTK05U7",3
31,31,love a queer/bi bitch of lesbian experience. we are the backbone of society,0
32,32,the body really does keep the score. for instance mine is -7374748 right now,0
33,33,the most 90’s teen thing about me is I refuse to find out what an NFT is,0
34,34,@Brittymigs this was truly life changing,0
35,35,"i shouldn’t be so negative, there’s more than that! for instance: existential dread",3
36,36,@kaaaaykatrina @ailijones Obviously I get it 😍,3
37,37,@audraklair @searchpartymax Incredible,1
38,38,there’s more to life than just work. there’s also being tired,3
39,39,@_A_Sanch totally get that 💖,0
40,40,pro tip: do not have child in pandemic. very stressful. 0/10 would not recommend,3
41,41,"me: I have no free time anymore 

also me: *spends two hours on facebook investigating the divorce drama of someone I barely know*",0
42,42,this is a niche tweet @searchpartymax,3
43,43,"just chilling out, having a hot dog, no bun. cup style https://t.co/OV70cYhfXG",0
44,44,intermittently calling my husband “my boyfriend” to keep him on his toes,0
45,45,@afoxymoron Thank you!,0
46,46,back on my pandemic bullshit (cutting my own bangs) https://t.co/LAaXjWUqJH,0
47,47,@MILFWEEED ❤️❤️❤️❤️❤️❤️,0
48,48,@StephBencin Such an iconic moment,4
49,49,once I was tripping w my friends and we saw my dad after getting home from taco bell. I started gushing to him about how taco bell was undervalued and their fountain Dr.Pepper was so creamy it was transcendent. and dads are amazing bc he was just like cool have a good night girls,0
50,50,@chelseygeraghty Thanks! Sadly our three year old stopped napping at 18 months 😭😭,0
51,51,"I’ve been trying to get my three year old to bed for two hours and she just looked at up me and said “chill out, mommy. we both know I’ll go to bed eventually.”",0
52,52,@PallaviGunalan HAHAHAHAHAHA,1
53,53,you can’t hurt me. a professor once told me my writing was just glorified journaling,3
54,54,she/they as in smiley fries and dino nuggets for me pls 💝💝💝💝💝💝💝,0
55,55,@celloboy Love you for that,0
56,56,"@DottyWillowdale Of course! Not everyone in rural America is terrible, there are accepting folks and little communities hidden around.",0
57,57,@dietz_meredith @AllanaSmithee Meredith meet me at the oak tree IMMEDIATELY,0
58,58,@ohginayoung Always!!!,0
59,59,when I see a young queer person working in a rural small town grocery store I just feel so much for them that I give off what can only be described as “it gets better” vibes,4
60,60,"sometimes I tweet something a little mean and then find it doesn’t sit well with me, putting that kind of energy out into the world and timeline. So I delete it, even if it’s doing well. and that’s on being 40 baby!",0
61,61,@katiejoyofosho Ugh I’m sorry katie!!!,1
62,62,@shapiroart ♥️♥️♥️♥️♥️♥️,3
63,63,@zoewhittall He’s so great in it,0
64,64,@annadrezen HAHAHAHAHAHAHAHAHA,1
65,65,my sexuality is fluid which means all of this was delicious,0
66,66,ah the three genders https://t.co/9tKsN87FWE,0
67,67,@AnnamLaughs @NikaLomazzo @NILES100 @showmetheyamz @elliotwith1t @annadrezen @seynique @dietz_meredith @StephBencin @PallaviGunalan @JaclynPMoore @moytweetsworld @jennycavallero @staticbluebat @HeavenlyGrandpa @jmurffff 😭😭😭😭😭,0
68,68,"good morning! pls follow these talented, hilarious angels: @NikaLomazzo @NILES100 @showmetheyamz @elliotwith1t @annadrezen @AnnamLaughs @seynique @dietz_meredith @StephBencin @PallaviGunalan @JaclynPMoore @moytweetsworld @jennycavallero @staticbluebat @HeavenlyGrandpa @jmurffff",0
69,69,@KatieSicking I am CACKLING!!!! CARL PARSLEY PHOTOGRAPHER EXTRAORDINAIRE,0
70,70,@showmetheyamz 🔥🔥🔥🔥❤️🔥❤️🔥🔥❤️❤️,0
71,71,@judysquirrels CRYSTAL LIGHT,0
72,72,I know I’m supposed to be my messiest most authentic self but that’s problematic because that bitch is hard to be around sometimes,0
73,73,i am having such a truly horrifyingly bad hair day I should have posted this one instead https://t.co/F22oolQ18G,0
74,74,@erica_rosie 💜💜💜💜💜,3
75,75,hiiii follow my tiktok I’m just a brand new little baby over there https://t.co/XNeITYUHBR,0
76,76,therapy isn’t about being “fixed.” it’s about being your therapist’s favorite patient,0
77,77,@tkiramadden dude. I’m into it.,0
78,78,RT @elliotwith1t: Sick and tired of everyone making fun of “skilled” workers we have hard days too https://t.co/ktFfGLJby4,3
79,79,@elliotwith1t Hahahahahahahhaha,1
80,80,this is a true life story and a public service announcement. life is hard and I just want my hair back 😭😭😭,0
81,81,"don’t cut your hair because you feel sad. you’ll end up still feeling sad but also, ugly",3
82,82,@michaelcambarde gross,0
83,83,@chainchompist as you should!!,0
84,84,@staticbluebat 100%,0
85,85,Britney and I are the same age and if I looked that hot and was recently liberated from years of oppressive control of my life and body i would post so many nudes it’d get boring,0
86,86,@anylaurie16 she’s so incredible,4
87,87,realizing my face doesn’t reveal my age. the fact that I met my husband on okcupid does,0
88,88,@omgskr Love this,0
89,89,I’m New York sober (I spent my twenties drinking and doing drugs in New York and now I’m in Alcoholics Anonymous),0
90,90,@RohitaKadambi a true icon,3
91,91,@jestom 💀💀💀💀💀💀💀,0
92,92,@MillyTamarez Sending you love milly! I hope you recover quickly ♥️,1
93,93,@sheriadidthat SAME. I’m a full on recluse,0
94,94,@wee_eats Omg 😭😭😭😭😭😭,0
95,95,I’m not sure what my life purpose is but I’m pretty sure it’s not putting away my goddamn laundry again,1
96,96,@abbygov Oh no,3
97,97,"I’m just a girl, opening an email, wondering why it’s not life-changing",0
98,98,if dudes are gonna do one thing it’s eat a giant serving bowl filled with cereal,0
99,99,@PallaviGunalan Hahahahahahaha,0
